username,password,display_name
user1,123,Trịnh Thái Tuấn
user2,123,Hồ Hữu Sơn
user3,123,Đặng Ngọc Nam
user4,123,Phạm Minh An
user5,123,Đặng Công Lan
user6,123,Bùi Thái An
user7,123,Hồ Khánh Nam
user8,123,Đặng Thị Sơn
user9,123,Hồ Đức Hằng
user10,123,Phan Quang Nam
user11,123,Đặng Ngọc Hằng
user12,123,Phạm Bảo Sơn
user13,123,Nguyễn Đức Tuấn
user14,123,Phan Minh An
user15,123,Ngô Văn Tú
user16,123,Ngô Công Huy
user17,123,Bùi Thái Bích
user18,123,Trần Tuấn Nam
user19,123,Trần Công Dũng
user20,123,Lê Công Mai
user21,123,Hoàng Thuỳ Bích
user22,123,Phan Thanh Tú
user23,123,Bùi Công Bích
user24,123,Hồ Văn Dũng
user25,123,Nguyễn Hữu Mai
user26,123,Vũ Thái Bích
user27,123,Lê Bảo Khoa
user28,123,Dương Quang Tú
user29,123,Bùi Minh Huy
user30,123,Ngô Tuấn Hằng
user31,123,Huỳnh Bảo Nam
user32,123,Đỗ Đức An
user33,123,Hồ Công Lan
user34,123,Phạm Thuỳ Linh
user35,123,Bùi Đức Linh
user36,123,Đỗ Tuấn Lan
user37,123,Phạm Thái Phúc
user38,123,Nguyễn Công Mai
user39,123,Trịnh Văn Sơn
user40,123,Trần Quang Linh
user41,123,Huỳnh Bảo Bích
user42,123,Trịnh Quang Huy
user43,123,Nguyễn Khánh Bích
user44,123,Đỗ Thái Sơn
user45,123,Phạm Tuấn Tuấn
user46,123,Huỳnh Thuỳ Huy
user47,123,Phạm Tuấn Lan
user48,123,Dương Ngọc Nam
user49,123,Nguyễn Anh Bích
user50,123,Đặng Thanh Dũng
user51,123,Dương Khánh Linh
user52,123,Phan Thị Sơn
user53,123,Vũ Văn Dũng
user54,123,Đỗ Thuỳ Nam
user55,123,Ngô Minh Linh
user56,123,Huỳnh Khánh Phúc
user57,123,Hoàng Ngọc Dũng
user58,123,Vũ Thuỳ Bích
user59,123,Vũ Công Lan
user60,123,Trịnh Tuấn Khoa
user61,123,Đặng Công Linh
user62,123,Đỗ Quang Dũng
user63,123,Bùi Thị Khoa
user64,123,Bùi Ngọc Bích
user65,123,Ngô Minh Linh
user66,123,Ngô Thanh Huy
user67,123,Lê Đức Sơn
user68,123,Trần Văn Hằng
user69,123,Hoàng Ngọc Lan
user70,123,Hoàng Đức Lan
user71,123,Phan Thuỳ Dũng
user72,123,Phạm Ngọc Sơn
user73,123,Đỗ Hữu Sơn
user74,123,Phan Ngọc Lan
user75,123,Trịnh Anh Lan
user76,123,Ngô Khánh Bích
user77,123,Bùi Thuỳ Sơn
user78,123,Phan Thái Hằng
user79,123,Hoàng Thị Nam
user80,123,Hồ Bảo An
user81,123,Nguyễn Ngọc Phúc
user82,123,Đỗ Công Dũng
user83,123,Đặng Minh Sơn
user84,123,Trần Thái Tú
user85,123,Trần Minh Tú
user86,123,Hoàng Thuỳ Huy
user87,123,Ngô Hữu Trang
user88,123,Phạm Đức Khoa
user89,123,Hồ Bảo Trang
user90,123,Hoàng Văn Bích
user91,123,Nguyễn Minh Hằng
user92,123,Hồ Minh Huy
user93,123,Đặng Thị Phúc
user94,123,Nguyễn Anh Bích
user95,123,Vũ Hữu Bích
user96,123,Dương Thanh Huy
user97,123,Hoàng Thị Dũng
user98,123,Lê Văn Trang
user99,123,Huỳnh Thị Linh
user100,123,Đặng Tuấn Lan
